pool_name,x_reserve,y_reserve
"0xc7efb4076dbe143cbcd98cfaaa929ecfc8f299203dfff63b95ccb6bfe19850fa::swap::TokenPairReserve<0x1::aptos_coin::AptosCoin, 0x84e391d3b821ca86943fa07064df06bf9579aae1e34b91e40d4754cd475688::ZhongGaiGu_coin::ZhongGaiGuCoin>",40110,6690295031
"0xc7efb4076dbe143cbcd98cfaaa929ecfc8f299203dfff63b95ccb6bfe19850fa::swap::TokenPairReserve<0x1::aptos_coin::AptosCoin, 0x21d1d734563b3f1ed3878e84a40593d86847d1ca92745293cebf4f6639db7f0::PRT__JNKPCQ::protonkjbb>",28124747,1433143505194
"0xc7efb4076dbe143cbcd98cfaaa929ecfc8f299203dfff63b95ccb6bfe19850fa::swap::TokenPairReserve<0x1::aptos_coin::AptosCoin, 0x296e5be2cb49ccc9b8564e7aa60f5a0cbed9a3802bc4b79d8b8973804d25878::FUCK_coin::FUCKCoin>",40012,6614125999
"0xc7efb4076dbe143cbcd98cfaaa929ecfc8f299203dfff63b95ccb6bfe19850fa::swap::TokenPairReserve<0x1::aptos_coin::AptosCoin, 0x45990b36ec9e8f194147aa94ab9c5a8503d3a8956c3a8fe886302900580b708::NoRug::NoRug>",86679,16495729599564
"0xc7efb4076dbe143cbcd98cfaaa929ecfc8f299203dfff63b95ccb6bfe19850fa::swap::TokenPairReserve<0x1::aptos_coin::AptosCoin, 0x59cd8396b813711f1124291e02d1e0a740aff1f2c0e9be182bc1b1da32e0181::BabyAPTtoken::BabyAPT>",4536757,139129710967
"0xc7efb4076dbe143cbcd98cfaaa929ecfc8f299203dfff63b95ccb6bfe19850fa::swap::TokenPairReserve<0x1::aptos_coin::AptosCoin, 0x63244a7989ff6f4cbadcf3e4052082a431939866092b3f8aaabb5966a8e5d26::XenCoin::XenCoin>",40008,555890464767
"0xc7efb4076dbe143cbcd98cfaaa929ecfc8f299203dfff63b95ccb6bfe19850fa::swap::TokenPairReserve<0x1::aptos_coin::AptosCoin, 0x8c805723ebc0a7fc5b7d3e7b75d567918e806b3461cb9fa21941a9edc0220bf::token::Bun>",683,272591
"0xc7efb4076dbe143cbcd98cfaaa929ecfc8f299203dfff63b95ccb6bfe19850fa::swap::TokenPairReserve<0x1::aptos_coin::AptosCoin, 0xa87d7347a7cc1e4b2b2b235c4da4b7cb164257afde0a567fa0c36ea33db53de::ApeSportToken::ApeSport>",1261478,6251491534610
"0xc7efb4076dbe143cbcd98cfaaa929ecfc8f299203dfff63b95ccb6bfe19850fa::swap::TokenPairReserve<0x1::aptos_coin::AptosCoin, 0xd5c6ad22337c8962a5eb063c63978f54bf54d937455e25e60a6fd42bc35968c::PRT__WXMZFU::protonjzwz>",4711526,1216017444252
"0xc7efb4076dbe143cbcd98cfaaa929ecfc8f299203dfff63b95ccb6bfe19850fa::swap::TokenPairReserve<0x1::aptos_coin::AptosCoin, 0xe47c83f01275bccd343ba24f28b16a32379429e7c4636354f2ce657acb5e03a::aptos_cheems::AptosCheems>",1106719,3003851838774
"0xc7efb4076dbe143cbcd98cfaaa929ecfc8f299203dfff63b95ccb6bfe19850fa::swap::TokenPairReserve<0x1::aptos_coin::AptosCoin, 0x1a1795add80e1ed932b16dbf9408f66566a9b9f20904828b69548186d708b901::Twitter_Trump_coin::TwitterTrumpCoin>",178315,14549786
"0xc7efb4076dbe143cbcd98cfaaa929ecfc8f299203dfff63b95ccb6bfe19850fa::swap::TokenPairReserve<0x1::aptos_coin::AptosCoin, 0x1d7a81a523f95a7c9bcaa90add9d9986976062c1d121daf547ac6902e19864f3::ADXTOKEN::ADX>",39699,2385978
"0xc7efb4076dbe143cbcd98cfaaa929ecfc8f299203dfff63b95ccb6bfe19850fa::swap::TokenPairReserve<0x1::aptos_coin::AptosCoin, 0x2367cddc73a8beb02271788159e98f11c07b7788a19d4087583c43a0782524c3::APTCakeCoin::APTCake>",6164661262,38607646189402
"0xc7efb4076dbe143cbcd98cfaaa929ecfc8f299203dfff63b95ccb6bfe19850fa::swap::TokenPairReserve<0x1::aptos_coin::AptosCoin, 0x23f4314e5a3a6c290617a8c5db1240478c44983f3de4d3bdf2e950383175cffb::mojito_coin::MojitoCoin>",45,22361
"0xc7efb4076dbe143cbcd98cfaaa929ecfc8f299203dfff63b95ccb6bfe19850fa::swap::TokenPairReserve<0x1::aptos_coin::AptosCoin, 0x23f91e04a2d64e049b13ff5ea12cf515ba6bc8c1948ce9e72b8965973cf9afbf::BUDDY::BUDDY>",1141066,1159101274698092
"0xc7efb4076dbe143cbcd98cfaaa929ecfc8f299203dfff63b95ccb6bfe19850fa::swap::TokenPairReserve<0x1::aptos_coin::AptosCoin, 0x23f91e04a2d64e049b13ff5ea12cf515ba6bc8c1948ce9e72b8965973cf9afbf::IONIC::IONIC>",858714,1364477798111328
"0xc7efb4076dbe143cbcd98cfaaa929ecfc8f299203dfff63b95ccb6bfe19850fa::swap::TokenPairReserve<0x1::aptos_coin::AptosCoin, 0x23f91e04a2d64e049b13ff5ea12cf515ba6bc8c1948ce9e72b8965973cf9afbf::ZILLA::ZILLA>",437274,980911404889294
"0xc7efb4076dbe143cbcd98cfaaa929ecfc8f299203dfff63b95ccb6bfe19850fa::swap::TokenPairReserve<0x1::aptos_coin::AptosCoin, 0x23f91e04a2d64e049b13ff5ea12cf515ba6bc8c1948ce9e72b8965973cf9afbf::SOCCER::SOCCER>",99959,421503082012332
"0xc7efb4076dbe143cbcd98cfaaa929ecfc8f299203dfff63b95ccb6bfe19850fa::swap::TokenPairReserve<0x1::aptos_coin::AptosCoin, 0x23f91e04a2d64e049b13ff5ea12cf515ba6bc8c1948ce9e72b8965973cf9afbf::APTOSLAND::APTOSLAND>",863603,1343259823808508
"0xc7efb4076dbe143cbcd98cfaaa929ecfc8f299203dfff63b95ccb6bfe19850fa::swap::TokenPairReserve<0x1::aptos_coin::AptosCoin, 0x247a7a588627623c619b1b73029910a065a0cb0f89eb7b28882203926f118212::MOJOBOOM_coin::MOJOBOOMCoin>",40010,6278487980
"0xc7efb4076dbe143cbcd98cfaaa929ecfc8f299203dfff63b95ccb6bfe19850fa::swap::TokenPairReserve<0x1::aptos_coin::AptosCoin, 0x2778b277644d375721766abfff0df2adca795f6cbae9f02ff1c95ce9adb6ee28::aptos_shiba_coin::AptosShibaCoin>",4264329,10025068
"0xc7efb4076dbe143cbcd98cfaaa929ecfc8f299203dfff63b95ccb6bfe19850fa::swap::TokenPairReserve<0x1::aptos_coin::AptosCoin, 0x29ea99de9a7979a7622b0901ad9dfdd9cb6807eed625e5bcf7a6585f025190c2::apt_moon::AptMoon>",363155,5428
"0xc7efb4076dbe143cbcd98cfaaa929ecfc8f299203dfff63b95ccb6bfe19850fa::swap::TokenPairReserve<0x1::aptos_coin::AptosCoin, 0x29ea99de9a7979a7622b0901ad9dfdd9cb6807eed625e5bcf7a6585f025190c2::die_coin::DIE>",2551857,112746
"0xc7efb4076dbe143cbcd98cfaaa929ecfc8f299203dfff63b95ccb6bfe19850fa::swap::TokenPairReserve<0x1::aptos_coin::AptosCoin, 0x2cc2a3b759b8f50eafd97044fc15104666f39f4f9160c9ca4a86fa727bcfb8cc::Hippotoken::Hippo>",4,258199
"0xc7efb4076dbe143cbcd98cfaaa929ecfc8f299203dfff63b95ccb6bfe19850fa::swap::TokenPairReserve<0x1::aptos_coin::AptosCoin, 0x2cc2a3b759b8f50eafd97044fc15104666f39f4f9160c9ca4a86fa727bcfb8cc::ShitCaketoken::ShitCake>",40005,24895610408
"0xc7efb4076dbe143cbcd98cfaaa929ecfc8f299203dfff63b95ccb6bfe19850fa::swap::TokenPairReserve<0x1::aptos_coin::AptosCoin, 0x2ebb1aac8ffe4cbeee1bd7cc874e77e51ece8f65c24a5ced35d614881ccd0d53::NiuHui_coin::NiuHuiCoin>",40010,7442680476
"0xc7efb4076dbe143cbcd98cfaaa929ecfc8f299203dfff63b95ccb6bfe19850fa::swap::TokenPairReserve<0x1::aptos_coin::AptosCoin, 0x2ebbaa391e5372f2ced10e26cc75d1c17bbe01ece3b7a676dad44c43a5d76627::CakeMoon_coin::CakeMoonCoin>",62241,14923441691
"0xc7efb4076dbe143cbcd98cfaaa929ecfc8f299203dfff63b95ccb6bfe19850fa::swap::TokenPairReserve<0x1::aptos_coin::AptosCoin, 0x30a5d69bd26b35ee4da46aa07bf428989b61a4b67aca451728ecb7aa8a5e57f0::doge_coin::DogeCoin>",40040,48423498
"0xc7efb4076dbe143cbcd98cfaaa929ecfc8f299203dfff63b95ccb6bfe19850fa::swap::TokenPairReserve<0x1::aptos_coin::AptosCoin, 0x317df9dda493d7cb9b8d5597e64e0dac1a519376fa8fff9cb485a778638dedc3::FireMasterChefV1::FIRE>",3094081,29024819813358
"0xc7efb4076dbe143cbcd98cfaaa929ecfc8f299203dfff63b95ccb6bfe19850fa::swap::TokenPairReserve<0x1::aptos_coin::AptosCoin, 0x324484b0574aa5a2988c6c21e0495a62805c499197438dc28bca3ffd50fbd543::apso_coin::ApsoCoin>",243564,44843058688983
"0xc7efb4076dbe143cbcd98cfaaa929ecfc8f299203dfff63b95ccb6bfe19850fa::swap::TokenPairReserve<0x1::aptos_coin::AptosCoin, 0x385b4f8ca4ba726a17b0f5d33d03cc5599a286b204dd1d8d7b32540a22f91c07::dogebonk::BONK>",51875,122854221546
"0xc7efb4076dbe143cbcd98cfaaa929ecfc8f299203dfff63b95ccb6bfe19850fa::swap::TokenPairReserve<0x1::aptos_coin::AptosCoin, 0x3888ebef7d4f0d89010fa42ec91f2bed14fbe57350f09d5c308e45d1c590b3f5::MoonCake_coin::MoonCakeCoin>",1423469,43223667555
"0xc7efb4076dbe143cbcd98cfaaa929ecfc8f299203dfff63b95ccb6bfe19850fa::swap::TokenPairReserve<0x1::aptos_coin::AptosCoin, 0x3acd3383b2a9f080faa7744741702e482fdf2a3a6ff641177c2a7327459cc50f::RugMOJO_coin::RugMOJOCoin>",40009,8790280710
"0xc7efb4076dbe143cbcd98cfaaa929ecfc8f299203dfff63b95ccb6bfe19850fa::swap::TokenPairReserve<0x1::aptos_coin::AptosCoin, 0x3b98df3bb901d09e77bdabcda2e6968a9976c7033d3d5058a594cfe958ef98c5::APTBOOM_coin::APTBOOMCoin>",40010,6701147316
"0xc7efb4076dbe143cbcd98cfaaa929ecfc8f299203dfff63b95ccb6bfe19850fa::swap::TokenPairReserve<0x1::aptos_coin::AptosCoin, 0x3d7605ba58264eec0c8df1673308005a9ad18ace996284d0953ed28785a61135::APTBULL_coin::APTBULLCoin>",40010,8202987546
"0xc7efb4076dbe143cbcd98cfaaa929ecfc8f299203dfff63b95ccb6bfe19850fa::swap::TokenPairReserve<0x1::aptos_coin::AptosCoin, 0x4925c5ae40a363bf57616533286f0f014cce8c93a653c30cd13d3ce4ce313664::OOXX_coin::OOXXCoin>",40010,11009582699
"0xc7efb4076dbe143cbcd98cfaaa929ecfc8f299203dfff63b95ccb6bfe19850fa::swap::TokenPairReserve<0x1::aptos_coin::AptosCoin, 0x497c086c74ae1aa8c2dcfd548fcdea240021f2e697e0c8980818ee3608212895::BabyCake_coin::BabyCakeCoin>",1135335,34487012577
"0xc7efb4076dbe143cbcd98cfaaa929ecfc8f299203dfff63b95ccb6bfe19850fa::swap::TokenPairReserve<0x1::aptos_coin::AptosCoin, 0x49f3571559dc77d26eb24fd1355b4283ed9e7d1e14a110a536cf69be00a7ff22::TRUMP::TRUMP>",1239337,249486386
"0xc7efb4076dbe143cbcd98cfaaa929ecfc8f299203dfff63b95ccb6bfe19850fa::swap::TokenPairReserve<0x1::aptos_coin::AptosCoin, 0x49feab0911be585bc3d62733632ae2161f9ce6552dc41af4547b52dae30d34ca::MetaMask_coin::MetaMaskCoin>",40010,10001979373
"0xc7efb4076dbe143cbcd98cfaaa929ecfc8f299203dfff63b95ccb6bfe19850fa::swap::TokenPairReserve<0x1::aptos_coin::AptosCoin, 0x4a14425eff774cc0f2ff395adc0f9b4f8867ef6e57bcd2d1fd91c249afefe820::PRT__JEAZSE::protonmjkk>",7927173,670997
"0xc7efb4076dbe143cbcd98cfaaa929ecfc8f299203dfff63b95ccb6bfe19850fa::swap::TokenPairReserve<0x1::aptos_coin::AptosCoin, 0x4a425935ac88ed51ab5c1caeec026e4f0a73467f9d26402fd1c2d337fc2b63f9::ADX_coin::ADXCoin>",40010,8727690424
"0xc7efb4076dbe143cbcd98cfaaa929ecfc8f299203dfff63b95ccb6bfe19850fa::swap::TokenPairReserve<0x1::aptos_coin::AptosCoin, 0x4b3bd1c81d3e5d3fc00ceb17c8c5a77e733abe8ca205c22a2e9d323323a24f8c::CAKOG_coin::CAKOGCoin>",1507009,39647686048
"0xc7efb4076dbe143cbcd98cfaaa929ecfc8f299203dfff63b95ccb6bfe19850fa::swap::TokenPairReserve<0x1::aptos_coin::AptosCoin, 0x4f7f8c8ff7d8d210a0276d6ad34b3585ff554085d2437258be25f0d3279783f2::LoveChina_coin::LoveChinaCoin>",40010,10731132942
"0xc7efb4076dbe143cbcd98cfaaa929ecfc8f299203dfff63b95ccb6bfe19850fa::swap::TokenPairReserve<0x1::aptos_coin::AptosCoin, 0x50f67f030554b4f84597d2ae04e1b99f9e97d9e4b58f8b5b080bcafc09745cea::YZZcake_coin::YZZcakeCoin>",40007,6614125999
"0xc7efb4076dbe143cbcd98cfaaa929ecfc8f299203dfff63b95ccb6bfe19850fa::swap::TokenPairReserve<0x1::aptos_coin::AptosCoin, 0x523fdc336019440410e087aae6332ca1ce8ed927adb2c00f0c488bb71ab5b918::aptos_frens::AptosFrens>",5092011,8478806096
"0xc7efb4076dbe143cbcd98cfaaa929ecfc8f299203dfff63b95ccb6bfe19850fa::swap::TokenPairReserve<0x1::aptos_coin::AptosCoin, 0x5854312824eb1ac38ee75221e24ff68bf8e72dffe2a571fdd568d7d573ef9849::PRT__JZLWFS::protonamgs>",324553,4558
"0xc7efb4076dbe143cbcd98cfaaa929ecfc8f299203dfff63b95ccb6bfe19850fa::swap::TokenPairReserve<0x1::aptos_coin::AptosCoin, 0x5854312824eb1ac38ee75221e24ff68bf8e72dffe2a571fdd568d7d573ef9849::PRT__XRLZBO::protonzqia>",1418320,170115
"0xc7efb4076dbe143cbcd98cfaaa929ecfc8f299203dfff63b95ccb6bfe19850fa::swap::TokenPairReserve<0x1::aptos_coin::AptosCoin, 0x5bc92571cd76b01e460ff137b2b2c734b674dbd547ea94d87e8aed5ebee3cb68::CakeMoon_coin::CakeMoonCoin>",40007,6614125999
"0xc7efb4076dbe143cbcd98cfaaa929ecfc8f299203dfff63b95ccb6bfe19850fa::swap::TokenPairReserve<0x1::aptos_coin::AptosCoin, 0x5c738a5dfa343bee927c39ebe85b0ceb95fdb5ee5b323c95559614f5a77c47cf::Aptoge::Aptoge>",94163053,94149308
"0xc7efb4076dbe143cbcd98cfaaa929ecfc8f299203dfff63b95ccb6bfe19850fa::swap::TokenPairReserve<0x1::aptos_coin::AptosCoin, 0x5ef6b01c3a9956bd22db6d3f938c722c26fa2327f92822d1dea6bdc449186138::Cakog_coin::CakogCoin>",199559,13056576645
"0xc7efb4076dbe143cbcd98cfaaa929ecfc8f299203dfff63b95ccb6bfe19850fa::swap::TokenPairReserve<0x1::aptos_coin::AptosCoin, 0x5f78a451b80321c649a5039130c3681661d9fa270151727b6946e2b288cea352::PRT__OQJJZU::protondkxc>",1,2645752
"0xc7efb4076dbe143cbcd98cfaaa929ecfc8f299203dfff63b95ccb6bfe19850fa::swap::TokenPairReserve<0x1::aptos_coin::AptosCoin, 0x61f3d4c6d6499dbfb9f50e4204950a1701deba3848038405964c2cd49a439062::tinyaptos::TINY>",429934,148449359746
"0xc7efb4076dbe143cbcd98cfaaa929ecfc8f299203dfff63b95ccb6bfe19850fa::swap::TokenPairReserve<0x1::aptos_coin::AptosCoin, 0x666e6ca71e64eccd2b11612e8c5439ecfc36c2e6bdebb89902e01d17ab45b6a9::MOJITO::MOJITO>",91780,9749078738592
"0xc7efb4076dbe143cbcd98cfaaa929ecfc8f299203dfff63b95ccb6bfe19850fa::swap::TokenPairReserve<0x1::aptos_coin::AptosCoin, 0x6a21d3d65cb5f578c73276682da923551a0af15f69e248d6bc997ede84465425::coins::MoveCoin>",1113067,1625833835
"0xc7efb4076dbe143cbcd98cfaaa929ecfc8f299203dfff63b95ccb6bfe19850fa::swap::TokenPairReserve<0x1::aptos_coin::AptosCoin, 0x6cf4da54701518e8aecde632caa0b41fa210acb389d96ac0dc623da4fb497b89::CakeDoge_coin::CakeDogeCoin>",1323840,41998792850
"0xc7efb4076dbe143cbcd98cfaaa929ecfc8f299203dfff63b95ccb6bfe19850fa::swap::TokenPairReserve<0x1::aptos_coin::AptosCoin, 0x6e9783056ba3e6d9938066622f25c8e167ebcb4ba5a3d3ef5aecc179627eb16b::PRT__ZNMYVU::protonyrxr>",225749,9912518703719
"0xc7efb4076dbe143cbcd98cfaaa929ecfc8f299203dfff63b95ccb6bfe19850fa::swap::TokenPairReserve<0x1::aptos_coin::AptosCoin, 0x712824c29aead5e7f3f173c817e1c1e7d14565747e79684733e8e7a73b837483::zapinu::ZaptosInu>",31839892463,375518082823822
"0xc7efb4076dbe143cbcd98cfaaa929ecfc8f299203dfff63b95ccb6bfe19850fa::swap::TokenPairReserve<0x1::aptos_coin::AptosCoin, 0x712f294837dc27829f6f0ad1d4c8baaced3351f936d3cff9b06f51ce4c0b7652::hipaptostoken::HIPAPTOS>",2175829,2012078376534947
"0xc7efb4076dbe143cbcd98cfaaa929ecfc8f299203dfff63b95ccb6bfe19850fa::swap::TokenPairReserve<0x1::aptos_coin::AptosCoin, 0x74f244fab3b070b9f2e40a18d24713bce8b1d59d680a4bdba56bfbae3e2fe1e1::Peecoin::PeeCoin>",544124,6028987065140
"0xc7efb4076dbe143cbcd98cfaaa929ecfc8f299203dfff63b95ccb6bfe19850fa::swap::TokenPairReserve<0x1::aptos_coin::AptosCoin, 0x79ede1f3fbdbc2a7d6d1ce3b7d14d41a546969afadb9bd57af7a4f42a14c07e4::KingCake::KingCake>",13528301,378496543502159
"0xc7efb4076dbe143cbcd98cfaaa929ecfc8f299203dfff63b95ccb6bfe19850fa::swap::TokenPairReserve<0x1::aptos_coin::AptosCoin, 0x79ede1f3fbdbc2a7d6d1ce3b7d14d41a546969afadb9bd57af7a4f42a14c07e4::MemeCake::MemeCake>",336812,2608126115360246
"0xc7efb4076dbe143cbcd98cfaaa929ecfc8f299203dfff63b95ccb6bfe19850fa::swap::TokenPairReserve<0x1::aptos_coin::AptosCoin, 0x79ede1f3fbdbc2a7d6d1ce3b7d14d41a546969afadb9bd57af7a4f42a14c07e4::SolarCake::SolarCake>",45580937,1140318334818624334
"0xc7efb4076dbe143cbcd98cfaaa929ecfc8f299203dfff63b95ccb6bfe19850fa::swap::TokenPairReserve<0x1::aptos_coin::AptosCoin, 0x79ede1f3fbdbc2a7d6d1ce3b7d14d41a546969afadb9bd57af7a4f42a14c07e4::SuperCake::SuperCake>",2056327,8572863462624351
"0xc7efb4076dbe143cbcd98cfaaa929ecfc8f299203dfff63b95ccb6bfe19850fa::swap::TokenPairReserve<0x1::aptos_coin::AptosCoin, 0x79ede1f3fbdbc2a7d6d1ce3b7d14d41a546969afadb9bd57af7a4f42a14c07e4::ZillaCake::ZillaCake>",48863163,467908004525178027
"0xc7efb4076dbe143cbcd98cfaaa929ecfc8f299203dfff63b95ccb6bfe19850fa::swap::TokenPairReserve<0x1::aptos_coin::AptosCoin, 0x79ede1f3fbdbc2a7d6d1ce3b7d14d41a546969afadb9bd57af7a4f42a14c07e4::MasterCake::MasterCake>",411514,2632106021142997
"0xc7efb4076dbe143cbcd98cfaaa929ecfc8f299203dfff63b95ccb6bfe19850fa::swap::TokenPairReserve<0x1::aptos_coin::AptosCoin, 0x7b44839fcbddfbdbdbdf8a371a407e50d00e453f645612c259cbda918aaca30a::PRT__RPDMZL::protonlzpz>",895505,960613076111932
"0xc7efb4076dbe143cbcd98cfaaa929ecfc8f299203dfff63b95ccb6bfe19850fa::swap::TokenPairReserve<0x1::aptos_coin::AptosCoin, 0x7bdf36c27645255ba8180c432c93b47bf23892ed9ffb3705246fa4fb5b96d02b::venaptos::VEN>",51435,864042864923
"0xc7efb4076dbe143cbcd98cfaaa929ecfc8f299203dfff63b95ccb6bfe19850fa::swap::TokenPairReserve<0x1::aptos_coin::AptosCoin, 0x8476ea76ab727dfbfd936528a81a08a7a325427b94725b5ff27e41b317d2fe1d::babyaptosa::BABY>",44045,362539196615
"0xc7efb4076dbe143cbcd98cfaaa929ecfc8f299203dfff63b95ccb6bfe19850fa::swap::TokenPairReserve<0x1::aptos_coin::AptosCoin, 0x84d7aeef42d38a5ffc3ccef853e1b82e4958659d16a7de736a29c55fbbeb0114::staked_aptos_coin::StakedAptosCoin>",10194,10823
"0xc7efb4076dbe143cbcd98cfaaa929ecfc8f299203dfff63b95ccb6bfe19850fa::swap::TokenPairReserve<0x1::aptos_coin::AptosCoin, 0x87ecc8227176a02c32a11d2cbed83f05aa34ec8bd86b56658d4d8d17cea85e71::RC_token::RColatoken>",2092286,95680814
"0xc7efb4076dbe143cbcd98cfaaa929ecfc8f299203dfff63b95ccb6bfe19850fa::swap::TokenPairReserve<0x1::aptos_coin::AptosCoin, 0x87ecc8227176a02c32a11d2cbed83f05aa34ec8bd86b56658d4d8d17cea85e71::moon_coin::MoonCoin>",1163265,860416416
"0xc7efb4076dbe143cbcd98cfaaa929ecfc8f299203dfff63b95ccb6bfe19850fa::swap::TokenPairReserve<0x1::aptos_coin::AptosCoin, 0x881ac202b1f1e6ad4efcff7a1d0579411533f2502417a19211cfc49751ddb5f4::coin::MOJO>",1443764594159,486250783145451
"0xc7efb4076dbe143cbcd98cfaaa929ecfc8f299203dfff63b95ccb6bfe19850fa::swap::TokenPairReserve<0x1::aptos_coin::AptosCoin, 0x8d87a65ba30e09357fa2edea2c80dbac296e5dec2b18287113500b902942929d::celer_coin_manager::BnbCoin>",180186466,3845427
"0xc7efb4076dbe143cbcd98cfaaa929ecfc8f299203dfff63b95ccb6bfe19850fa::swap::TokenPairReserve<0x1::aptos_coin::AptosCoin, 0x8d87a65ba30e09357fa2edea2c80dbac296e5dec2b18287113500b902942929d::celer_coin_manager::BusdCoin>",321,4075
"0xc7efb4076dbe143cbcd98cfaaa929ecfc8f299203dfff63b95ccb6bfe19850fa::swap::TokenPairReserve<0x1::aptos_coin::AptosCoin, 0x8d87a65ba30e09357fa2edea2c80dbac296e5dec2b18287113500b902942929d::celer_coin_manager::UsdcCoin>",4035012657659,250523971992
"0xc7efb4076dbe143cbcd98cfaaa929ecfc8f299203dfff63b95ccb6bfe19850fa::swap::TokenPairReserve<0x1::aptos_coin::AptosCoin, 0x9330d65822b37c6c5cb824c67322fcbf759d675f265a17602b873228efc3660d::PancakeSwap::PancakeSwap>",6056344,28387528230796
"0xc7efb4076dbe143cbcd98cfaaa929ecfc8f299203dfff63b95ccb6bfe19850fa::swap::TokenPairReserve<0x1::aptos_coin::AptosCoin, 0x9c02e98bc08c9c4b2527952353282ea0f8587e8c4a3f123729568dd5fd4d7dc6::eth2::ETH2>",40015,786203775
"0xc7efb4076dbe143cbcd98cfaaa929ecfc8f299203dfff63b95ccb6bfe19850fa::swap::TokenPairReserve<0x1::aptos_coin::AptosCoin, 0x9d6eba9958bf1f52cd29b4d23dbd514709a4c075d7575172605b98c5c0f2369d::CakeKing_coin::CakeKingCoin>",1038693,59689494157
"0xc7efb4076dbe143cbcd98cfaaa929ecfc8f299203dfff63b95ccb6bfe19850fa::swap::TokenPairReserve<0x1::aptos_coin::AptosCoin, 0x9f4c60442f0ee9e4ac82e029ae37fe4bae8450bc014c4fa8d6eed88075b1d269::BabySQY::BabySQY>",40009,151189351164
"0xc7efb4076dbe143cbcd98cfaaa929ecfc8f299203dfff63b95ccb6bfe19850fa::swap::TokenPairReserve<0x1::aptos_coin::AptosCoin, 0xa269269a1bed73a10791cc40d40dbcf98dd0660d8242be09000c379e2dc80878::aptos_soda::AptosSoda>",65819770,2373569931513
"0xc7efb4076dbe143cbcd98cfaaa929ecfc8f299203dfff63b95ccb6bfe19850fa::swap::TokenPairReserve<0x1::aptos_coin::AptosCoin, 0xa2726501ad386066a67d605a6988f9eeb9d5cdd494f001679cfdfd722719eab4::Twoge_coin::TwogeCoin>",2964211,49639112768
"0xc7efb4076dbe143cbcd98cfaaa929ecfc8f299203dfff63b95ccb6bfe19850fa::swap::TokenPairReserve<0x1::aptos_coin::AptosCoin, 0xa50f2dd91e7638f494bedfd38f0571ba918860044bd3736f33c0aad2d03c8122::bullbtc::BBC>",56159,42171144304
"0xc7efb4076dbe143cbcd98cfaaa929ecfc8f299203dfff63b95ccb6bfe19850fa::swap::TokenPairReserve<0x1::aptos_coin::AptosCoin, 0xa70c8ceefa1fd15f51f7fcf136d2222ce11b8a35fe962d3d97f4257bc3903a87::Sink_Inu2::Sink_Inu>",1137,93915511
"0xc7efb4076dbe143cbcd98cfaaa929ecfc8f299203dfff63b95ccb6bfe19850fa::swap::TokenPairReserve<0x1::aptos_coin::AptosCoin, 0xac54f49e4580ca57a8da95106a2a9b682946ca33365e6ca73849f160ff26f9a0::Elon_coin::Elon>",40037,47126408
"0xc7efb4076dbe143cbcd98cfaaa929ecfc8f299203dfff63b95ccb6bfe19850fa::swap::TokenPairReserve<0x1::aptos_coin::AptosCoin, 0xacdb97f290f8afaff7bcf062d8e5c486ab6ce72766b9546d7b32f87ac32c1139::v::DIE>",3414547,23590769
"0xc7efb4076dbe143cbcd98cfaaa929ecfc8f299203dfff63b95ccb6bfe19850fa::swap::TokenPairReserve<0x1::aptos_coin::AptosCoin, 0xb08f3bb03580d8fea5e6f01b604e49265988b62826002ed14a0ae9eb08991a87::gogocoin::Gogo>",70375,8662371184
"0xc7efb4076dbe143cbcd98cfaaa929ecfc8f299203dfff63b95ccb6bfe19850fa::swap::TokenPairReserve<0x1::aptos_coin::AptosCoin, 0xb333068bffe8c3f640d7e3135ed8f1c378c90d06c9912c09298382cfcf660af9::kingmoney::KING>",211994,144205779294
"0xc7efb4076dbe143cbcd98cfaaa929ecfc8f299203dfff63b95ccb6bfe19850fa::swap::TokenPairReserve<0x1::aptos_coin::AptosCoin, 0xb372b964cdd3298a9ee98011b682f7560f926cf2975eeebcd168541d9a81e67d::aptoburn::Aptoburn>",2626203,7
"0xc7efb4076dbe143cbcd98cfaaa929ecfc8f299203dfff63b95ccb6bfe19850fa::swap::TokenPairReserve<0x1::aptos_coin::AptosCoin, 0xba0d5bd39a879b1a5bc31c5b1b467ab8d76d3814ca78305b4fffd0416fb6b292::PRT__RQNUVS::protonlzja>",3110769,26853230
"0xc7efb4076dbe143cbcd98cfaaa929ecfc8f299203dfff63b95ccb6bfe19850fa::swap::TokenPairReserve<0x1::aptos_coin::AptosCoin, 0xbea5acb566c93ad8d7b4072100db029ecd2ea2b59c65332d5e0ffd2f0b80778d::RNM_coin::RNMCoin>",40070,10366040
"0xc7efb4076dbe143cbcd98cfaaa929ecfc8f299203dfff63b95ccb6bfe19850fa::swap::TokenPairReserve<0x1::aptos_coin::AptosCoin, 0xc0ba6328b5c6f7c7c60bc63dffbb254dd489981f2fb7f4f40a2fb86619d4e57c::shitcoin::SHIT>",195909,833426
"0xc7efb4076dbe143cbcd98cfaaa929ecfc8f299203dfff63b95ccb6bfe19850fa::swap::TokenPairReserve<0x1::aptos_coin::AptosCoin, 0xc43aec920411ce669b783f5cba909ad489cf1945a48e38a2f5f445c6a698b8d9::AptosLaunch::ALT>",401,375674580813
"0xc7efb4076dbe143cbcd98cfaaa929ecfc8f299203dfff63b95ccb6bfe19850fa::swap::TokenPairReserve<0x1::aptos_coin::AptosCoin, 0xc5201174e945454b7e0bc48d7a2a87eeb5d3cc7e63e4c08c1de33f16243202c0::RugIsDog::RugIsDog>",40008,11042308303920
"0xc7efb4076dbe143cbcd98cfaaa929ecfc8f299203dfff63b95ccb6bfe19850fa::swap::TokenPairReserve<0x1::aptos_coin::AptosCoin, 0xc6e044cb1e8e073ee097028ac8ab1801990f86a93d0f0f0390ab2a4fca099ed6::DogeBtoken::DogeB>",1855,1349592210
"0xc7efb4076dbe143cbcd98cfaaa929ecfc8f299203dfff63b95ccb6bfe19850fa::swap::TokenPairReserve<0x1::aptos_coin::AptosCoin, 0xc81caa7cd37c4adf61764b3e47dfa8d9a94fbeb96ca9e5fbf88befde4cff3c12::Apsocoin::Apsocoin>",81189235474,8546576596603436
"0xc7efb4076dbe143cbcd98cfaaa929ecfc8f299203dfff63b95ccb6bfe19850fa::swap::TokenPairReserve<0x1::aptos_coin::AptosCoin, 0xca04052810dec6ba7a2c5cedfd0df75750eed53f9905cdc80df697f66ccfc6bc::PRT__LMQHHQ::protonytvd>",1618699,121733150039
"0xc7efb4076dbe143cbcd98cfaaa929ecfc8f299203dfff63b95ccb6bfe19850fa::swap::TokenPairReserve<0x1::aptos_coin::AptosCoin, 0xca04052810dec6ba7a2c5cedfd0df75750eed53f9905cdc80df697f66ccfc6bc::PRT__XXJORL::protongckb>",40004,3806830466
"0xc7efb4076dbe143cbcd98cfaaa929ecfc8f299203dfff63b95ccb6bfe19850fa::swap::TokenPairReserve<0x1::aptos_coin::AptosCoin, 0xcc364e07ab306a1c3b05ece856de15a7b42a35332e5f418302aa54ce751dc8d0::MLGB_coin::MLGBCoin>",40654,97436
"0xc7efb4076dbe143cbcd98cfaaa929ecfc8f299203dfff63b95ccb6bfe19850fa::swap::TokenPairReserve<0x1::aptos_coin::AptosCoin, 0xcd7a25752336e68b0323f402245c26b05380229d8f6d14c11f52cd36b39f0104::Halloweem::HALLO>",10,100000
"0xc7efb4076dbe143cbcd98cfaaa929ecfc8f299203dfff63b95ccb6bfe19850fa::swap::TokenPairReserve<0x1::aptos_coin::AptosCoin, 0xd11107bdf0d6d7040c6c0bfbdecb6545191fdf13e8d8d259952f53e1713f61b5::staked_coin::StakedAptos>",18659793140,18385634963
"0xc7efb4076dbe143cbcd98cfaaa929ecfc8f299203dfff63b95ccb6bfe19850fa::swap::TokenPairReserve<0x1::aptos_coin::AptosCoin, 0xd1e924727c442755cc958fabb4222e2d035126135a8d607425d7fcc807053a01::SinkInu::Sink_Inu>",13547801,1966744787
"0xc7efb4076dbe143cbcd98cfaaa929ecfc8f299203dfff63b95ccb6bfe19850fa::swap::TokenPairReserve<0x1::aptos_coin::AptosCoin, 0xd2bb89146d8bed83c392bde1decbbe9132b9b9fbe199b51c0b74bf3cfdbb2bea::KIBBYaptos::KIBBY>",154557,85871715395
"0xc7efb4076dbe143cbcd98cfaaa929ecfc8f299203dfff63b95ccb6bfe19850fa::swap::TokenPairReserve<0x1::aptos_coin::AptosCoin, 0xd5f130b5739cb61c0b2c7c473f942dfacdd2ee10f8a2c95cb07ce8c59799e75b::N23::N23>",281449,742318904672339
"0xc7efb4076dbe143cbcd98cfaaa929ecfc8f299203dfff63b95ccb6bfe19850fa::swap::TokenPairReserve<0x1::aptos_coin::AptosCoin, 0xd5f130b5739cb61c0b2c7c473f942dfacdd2ee10f8a2c95cb07ce8c59799e75b::CHAK::CHAK>",584197,1345469693502077
"0xc7efb4076dbe143cbcd98cfaaa929ecfc8f299203dfff63b95ccb6bfe19850fa::swap::TokenPairReserve<0x1::aptos_coin::AptosCoin, 0xd5f130b5739cb61c0b2c7c473f942dfacdd2ee10f8a2c95cb07ce8c59799e75b::HYPER::HYPER>",53095,291153151664467
"0xc7efb4076dbe143cbcd98cfaaa929ecfc8f299203dfff63b95ccb6bfe19850fa::swap::TokenPairReserve<0x1::aptos_coin::AptosCoin, 0xd5f130b5739cb61c0b2c7c473f942dfacdd2ee10f8a2c95cb07ce8c59799e75b::MONEY::MONEY>",103564,477715987782410
"0xc7efb4076dbe143cbcd98cfaaa929ecfc8f299203dfff63b95ccb6bfe19850fa::swap::TokenPairReserve<0x1::aptos_coin::AptosCoin, 0xd5f130b5739cb61c0b2c7c473f942dfacdd2ee10f8a2c95cb07ce8c59799e75b::BullBack::BullBack>",81466,303316581798966
"0xc7efb4076dbe143cbcd98cfaaa929ecfc8f299203dfff63b95ccb6bfe19850fa::swap::TokenPairReserve<0x1::aptos_coin::AptosCoin, 0xd5f130b5739cb61c0b2c7c473f942dfacdd2ee10f8a2c95cb07ce8c59799e75b::GoldCake::GoldCake>",230293,1522352105091914
"0xc7efb4076dbe143cbcd98cfaaa929ecfc8f299203dfff63b95ccb6bfe19850fa::swap::TokenPairReserve<0x1::aptos_coin::AptosCoin, 0xd5f130b5739cb61c0b2c7c473f942dfacdd2ee10f8a2c95cb07ce8c59799e75b::SuperKing::SuperKing>",117610,757947259831295
"0xc7efb4076dbe143cbcd98cfaaa929ecfc8f299203dfff63b95ccb6bfe19850fa::swap::TokenPairReserve<0x1::aptos_coin::AptosCoin, 0xd80a283ef84facdaf6038b5bf0343d26b1621eaa5fe0d09bebed002e497f5adf::CakeKing_coin::CakeKingCoin>",818946,25884009922
"0xc7efb4076dbe143cbcd98cfaaa929ecfc8f299203dfff63b95ccb6bfe19850fa::swap::TokenPairReserve<0x1::aptos_coin::AptosCoin, 0xd95d3ad415e483ff5967f2bcdcc949f497baf7dbb0aa5fd6491b09ccdc7c6537::Pancake_coin::PancakeCoin>",1488125,3842009055
"0xc7efb4076dbe143cbcd98cfaaa929ecfc8f299203dfff63b95ccb6bfe19850fa::swap::TokenPairReserve<0x1::aptos_coin::AptosCoin, 0xda8512e92b809b5f28bc71fa50dff8aa618a8cc82a89d05ae7d31420e9d28f48::TrueCoin::True>",5,200000
"0xc7efb4076dbe143cbcd98cfaaa929ecfc8f299203dfff63b95ccb6bfe19850fa::swap::TokenPairReserve<0x1::aptos_coin::AptosCoin, 0xdc363e24e0d465bbfa4906b72526362cc2025f19091b9610544bbe7b08ab0021::arc_coin::ARC_Coin>",4036065,146323157835
"0xc7efb4076dbe143cbcd98cfaaa929ecfc8f299203dfff63b95ccb6bfe19850fa::swap::TokenPairReserve<0x1::aptos_coin::AptosCoin, 0xdcb7085215674a33f878d7d3116f16e3a5822d6eb5e5c051fd50807d14371b05::gala::Gala>",128425,1207
"0xc7efb4076dbe143cbcd98cfaaa929ecfc8f299203dfff63b95ccb6bfe19850fa::swap::TokenPairReserve<0x1::aptos_coin::AptosCoin, 0xdd01c567ac7432b8ba446a5ec7f626a026f59176f26905e67684c2263544dcab::aptoburn::Aptoburn>",132190,96952858
"0xc7efb4076dbe143cbcd98cfaaa929ecfc8f299203dfff63b95ccb6bfe19850fa::swap::TokenPairReserve<0x1::aptos_coin::AptosCoin, 0xe13792a7572b174ee3ba38700b97bf570d28edb3e490f57d07da9e080276bc6e::Coin::CakeAPT>",405,21248714
"0xc7efb4076dbe143cbcd98cfaaa929ecfc8f299203dfff63b95ccb6bfe19850fa::swap::TokenPairReserve<0x1::aptos_coin::AptosCoin, 0xe13792a7572b174ee3ba38700b97bf570d28edb3e490f57d07da9e080276bc6e::AptosCakeCoin::AptosCake>",2548733,701973768864
"0xc7efb4076dbe143cbcd98cfaaa929ecfc8f299203dfff63b95ccb6bfe19850fa::swap::TokenPairReserve<0x1::aptos_coin::AptosCoin, 0xe4e1d5d00f49155ed386d6c17cb5bb12af4caa21efdaecdff60b5b483a55ff5e::PRT__CIHMIT::protonlkow>",203000000,14778871141
"0xc7efb4076dbe143cbcd98cfaaa929ecfc8f299203dfff63b95ccb6bfe19850fa::swap::TokenPairReserve<0x1::aptos_coin::AptosCoin, 0xe9569ce0dd438369b0ea9183181f2f4932928d6f6882b0aff4537c4ebdec2ffa::polydoge::POLY>",568826,1391400193641
"0xc7efb4076dbe143cbcd98cfaaa929ecfc8f299203dfff63b95ccb6bfe19850fa::swap::TokenPairReserve<0x1::aptos_coin::AptosCoin, 0xe9d1d57bfcb861a565a7b067b9877f70eb539aecb447bc12eb2bf2f3765e3369::ALON::ALON>",261236,78482475499298
"0xc7efb4076dbe143cbcd98cfaaa929ecfc8f299203dfff63b95ccb6bfe19850fa::swap::TokenPairReserve<0x1::aptos_coin::AptosCoin, 0xeae789ac856645db3dbf5d6210a3d3544b222970a802a99ee9ee904f6e5dc0ee::AptosLaunch::ALT>",1,9692234
"0xc7efb4076dbe143cbcd98cfaaa929ecfc8f299203dfff63b95ccb6bfe19850fa::swap::TokenPairReserve<0x1::aptos_coin::AptosCoin, 0xeb6e0dc914379f3503242cedf226aa68f7765295750da7dcd61c88e7fd662438::coin::NeverRug>",14566280,3205954699
"0xc7efb4076dbe143cbcd98cfaaa929ecfc8f299203dfff63b95ccb6bfe19850fa::swap::TokenPairReserve<0x1::aptos_coin::AptosCoin, 0xef158aae4b28aa5654b4b2d43c6c2650bfb3b877be7647f3b6838f036b2ad14f::Fuckmojito::Fuckmojito>",40020,165407270
"0xc7efb4076dbe143cbcd98cfaaa929ecfc8f299203dfff63b95ccb6bfe19850fa::swap::TokenPairReserve<0x1::aptos_coin::AptosCoin, 0xf142a16c81233a7454c3511db4fc9c28cdc89c0d51a075a726069366ef21401a::Tomb_Token::TombToken>",890,3707
"0xc7efb4076dbe143cbcd98cfaaa929ecfc8f299203dfff63b95ccb6bfe19850fa::swap::TokenPairReserve<0x1::aptos_coin::AptosCoin, 0xf142a16c81233a7454c3511db4fc9c28cdc89c0d51a075a726069366ef21401a::TShare_Token::TShareToken>",1175,1957
"0xc7efb4076dbe143cbcd98cfaaa929ecfc8f299203dfff63b95ccb6bfe19850fa::swap::TokenPairReserve<0x1::aptos_coin::AptosCoin, 0xf18f6dda47cf227dc6882d0ac80bedc557eeb4eb02b7557c5082a6c2b2892b70::aptos_Moon_coin::AptosMoonCoin>",14111,1401217
"0xc7efb4076dbe143cbcd98cfaaa929ecfc8f299203dfff63b95ccb6bfe19850fa::swap::TokenPairReserve<0x1::aptos_coin::AptosCoin, 0xf22bede237a07e121b56d91a491eb7bcdfd1f5907926a9e58338f964a01b17fa::asset::USDC>",11503389547618,719052089366
"0xc7efb4076dbe143cbcd98cfaaa929ecfc8f299203dfff63b95ccb6bfe19850fa::swap::TokenPairReserve<0x1::aptos_coin::AptosCoin, 0xf22bede237a07e121b56d91a491eb7bcdfd1f5907926a9e58338f964a01b17fa::asset::USDT>",517644570,32154204
"0xc7efb4076dbe143cbcd98cfaaa929ecfc8f299203dfff63b95ccb6bfe19850fa::swap::TokenPairReserve<0x1::aptos_coin::AptosCoin, 0xf22bede237a07e121b56d91a491eb7bcdfd1f5907926a9e58338f964a01b17fa::asset::WETH>",294318189,12972
"0xc7efb4076dbe143cbcd98cfaaa929ecfc8f299203dfff63b95ccb6bfe19850fa::swap::TokenPairReserve<0x1::aptos_coin::AptosCoin, 0xf3766f4fecd8bd301718d267b7686e682a2007bbbe05915fa353b5e5cff400cd::proton_ca3::PROTON_235>",377080,63907862916940
"0xc7efb4076dbe143cbcd98cfaaa929ecfc8f299203dfff63b95ccb6bfe19850fa::swap::TokenPairReserve<0x1::aptos_coin::AptosCoin, 0xf3766f4fecd8bd301718d267b7686e682a2007bbbe05915fa353b5e5cff400cd::proton_ddd::PROTON_BC2>",113850,3747089499308
"0xc7efb4076dbe143cbcd98cfaaa929ecfc8f299203dfff63b95ccb6bfe19850fa::swap::TokenPairReserve<0x1::aptos_coin::AptosCoin, 0xf3c98692e19d4a4466b6e9ecebda18a2f399477bd04a7d43871b75de4773ef85::pancake::Cake>",1444246,104152579169862
"0xc7efb4076dbe143cbcd98cfaaa929ecfc8f299203dfff63b95ccb6bfe19850fa::swap::TokenPairReserve<0x1::aptos_coin::AptosCoin, 0xfea889e6f90be7ee67bbcd25dc81b904e6458a2f86e04a3e6b5e3141cfdb1b65::PRT__YGBFWJ::protontkej>",108508596,921773684
"0xc7efb4076dbe143cbcd98cfaaa929ecfc8f299203dfff63b95ccb6bfe19850fa::swap::TokenPairReserve<0x11fe02cb3ecaced2b82b58f1971f7db1182764b378fce66d2c3db35cbaa4c17::BabyMOJO_coin::BabyMOJOCoin, 0x1::aptos_coin::AptosCoin>",8771583179,40010
"0xc7efb4076dbe143cbcd98cfaaa929ecfc8f299203dfff63b95ccb6bfe19850fa::swap::TokenPairReserve<0x14928908534375c22c5d8bbc6e76aea69f6f93512d8b151479bf9bcffd31527::moon_coin::MoonCoin, 0x1::aptos_coin::AptosCoin>",1100678222010,40008
"0xc7efb4076dbe143cbcd98cfaaa929ecfc8f299203dfff63b95ccb6bfe19850fa::swap::TokenPairReserve<0x8c805723ebc0a7fc5b7d3e7b75d567918e806b3461cb9fa21941a9edc0220bf::token::Bun, 0x8d87a65ba30e09357fa2edea2c80dbac296e5dec2b18287113500b902942929d::celer_coin_manager::BusdCoin>",500004502,5000056
"0xc7efb4076dbe143cbcd98cfaaa929ecfc8f299203dfff63b95ccb6bfe19850fa::swap::TokenPairReserve<0x8c805723ebc0a7fc5b7d3e7b75d567918e806b3461cb9fa21941a9edc0220bf::token::Bun, 0xf22bede237a07e121b56d91a491eb7bcdfd1f5907926a9e58338f964a01b17fa::asset::USDC>",405000000,5
"0xc7efb4076dbe143cbcd98cfaaa929ecfc8f299203dfff63b95ccb6bfe19850fa::swap::TokenPairReserve<0x8c805723ebc0a7fc5b7d3e7b75d567918e806b3461cb9fa21941a9edc0220bf::token::Bun, 0xf22bede237a07e121b56d91a491eb7bcdfd1f5907926a9e58338f964a01b17fa::asset::USDT>",12519862,125254
"0xc7efb4076dbe143cbcd98cfaaa929ecfc8f299203dfff63b95ccb6bfe19850fa::swap::TokenPairReserve<0x1000000fa32d122c18a6a31c009ce5e71674f22d06a581bb0a15575e6addadcc::usda::USDA, 0xf22bede237a07e121b56d91a491eb7bcdfd1f5907926a9e58338f964a01b17fa::asset::USDC>",16197,15534
"0xc7efb4076dbe143cbcd98cfaaa929ecfc8f299203dfff63b95ccb6bfe19850fa::swap::TokenPairReserve<0x133b41bc401246382eec74a3be48fb163db9a37ece2d661dd7033180f4f82bd1::Trust_coin::TrustCoin, 0x1::aptos_coin::AptosCoin>",5567840842,40007
"0xc7efb4076dbe143cbcd98cfaaa929ecfc8f299203dfff63b95ccb6bfe19850fa::swap::TokenPairReserve<0x13a374c0f8528a9b75132c49dde1beaaf9b06dbf3d474b6fdb6adace21dcc975::BabyASquid_coin::BabyASquidCoin, 0x1::aptos_coin::AptosCoin>",6147763388,40007
"0xc7efb4076dbe143cbcd98cfaaa929ecfc8f299203dfff63b95ccb6bfe19850fa::swap::TokenPairReserve<0x13f965a75b52be3a284d3d4b63a9410854feec45da9d90fd6d42b5253b711d33::pumpkin::Pumpkin, 0x1::aptos_coin::AptosCoin>",1085483,1105954
"0xc7efb4076dbe143cbcd98cfaaa929ecfc8f299203dfff63b95ccb6bfe19850fa::swap::TokenPairReserve<0x170eaf5dcc83384d448acf9bdc6e0f2b864352eab00e0596f433086c03f5cb15::PRT__EPKCWF::protonkksm, 0x1::aptos_coin::AptosCoin>",112187762471,113559
"0xc7efb4076dbe143cbcd98cfaaa929ecfc8f299203dfff63b95ccb6bfe19850fa::swap::TokenPairReserve<0x170eaf5dcc83384d448acf9bdc6e0f2b864352eab00e0596f433086c03f5cb15::PRT__FHDMSX::protonsolp, 0x1::aptos_coin::AptosCoin>",394448914879,92098
"0xc7efb4076dbe143cbcd98cfaaa929ecfc8f299203dfff63b95ccb6bfe19850fa::swap::TokenPairReserve<0x170eaf5dcc83384d448acf9bdc6e0f2b864352eab00e0596f433086c03f5cb15::PRT__FUTGHR::protonijcq, 0x1::aptos_coin::AptosCoin>",414856168912,927889
"0xc7efb4076dbe143cbcd98cfaaa929ecfc8f299203dfff63b95ccb6bfe19850fa::swap::TokenPairReserve<0x170eaf5dcc83384d448acf9bdc6e0f2b864352eab00e0596f433086c03f5cb15::PRT__NDUXAY::protonrump, 0x1::aptos_coin::AptosCoin>",3913797983,1665457
"0xc7efb4076dbe143cbcd98cfaaa929ecfc8f299203dfff63b95ccb6bfe19850fa::swap::TokenPairReserve<0x170eaf5dcc83384d448acf9bdc6e0f2b864352eab00e0596f433086c03f5cb15::PRT__OPPOBY::protonlbpk, 0x1::aptos_coin::AptosCoin>",1354705221681,862202
"0xc7efb4076dbe143cbcd98cfaaa929ecfc8f299203dfff63b95ccb6bfe19850fa::swap::TokenPairReserve<0x170eaf5dcc83384d448acf9bdc6e0f2b864352eab00e0596f433086c03f5cb15::PRT__PKNMPO::protonxzhv, 0x1::aptos_coin::AptosCoin>",29698347972957,559194
"0xc7efb4076dbe143cbcd98cfaaa929ecfc8f299203dfff63b95ccb6bfe19850fa::swap::TokenPairReserve<0x170eaf5dcc83384d448acf9bdc6e0f2b864352eab00e0596f433086c03f5cb15::PRT__YVSPOW::protonblys, 0x1::aptos_coin::AptosCoin>",30960,141754
"0xc7efb4076dbe143cbcd98cfaaa929ecfc8f299203dfff63b95ccb6bfe19850fa::swap::TokenPairReserve<0x18ecaa868007ff513049765e98146b359e740919f217fd979559a05cfb2b6109::KO::KO, 0x1::aptos_coin::AptosCoin>",17644111481506,86679
"0xc7efb4076dbe143cbcd98cfaaa929ecfc8f299203dfff63b95ccb6bfe19850fa::swap::TokenPairReserve<0x75fc42644ddebb6b454dbe0b29674b042dd8b682916ed9bc221b5fb63ae77608::PRT__MEJTPJ::protonxvpu, 0xf22bede237a07e121b56d91a491eb7bcdfd1f5907926a9e58338f964a01b17fa::asset::USDC>",95916587867,2968657
"0xc7efb4076dbe143cbcd98cfaaa929ecfc8f299203dfff63b95ccb6bfe19850fa::swap::TokenPairReserve<0x881ac202b1f1e6ad4efcff7a1d0579411533f2502417a19211cfc49751ddb5f4::coin::MOJO, 0x8c805723ebc0a7fc5b7d3e7b75d567918e806b3461cb9fa21941a9edc0220bf::token::Bun>",1000,1000
"0xc7efb4076dbe143cbcd98cfaaa929ecfc8f299203dfff63b95ccb6bfe19850fa::swap::TokenPairReserve<0x881ac202b1f1e6ad4efcff7a1d0579411533f2502417a19211cfc49751ddb5f4::coin::MOJO, 0xf22bede237a07e121b56d91a491eb7bcdfd1f5907926a9e58338f964a01b17fa::asset::USDC>",128936,27
"0xc7efb4076dbe143cbcd98cfaaa929ecfc8f299203dfff63b95ccb6bfe19850fa::swap::TokenPairReserve<0x8d87a65ba30e09357fa2edea2c80dbac296e5dec2b18287113500b902942929d::celer_coin_manager::BnbCoin, 0x8d87a65ba30e09357fa2edea2c80dbac296e5dec2b18287113500b902942929d::celer_coin_manager::UsdcCoin>",148431858298,498221620367
"0xc7efb4076dbe143cbcd98cfaaa929ecfc8f299203dfff63b95ccb6bfe19850fa::swap::TokenPairReserve<0x8d87a65ba30e09357fa2edea2c80dbac296e5dec2b18287113500b902942929d::celer_coin_manager::BusdCoin, 0xf22bede237a07e121b56d91a491eb7bcdfd1f5907926a9e58338f964a01b17fa::asset::USDC>",11638016150,115707271
"0xc7efb4076dbe143cbcd98cfaaa929ecfc8f299203dfff63b95ccb6bfe19850fa::swap::TokenPairReserve<0x8d87a65ba30e09357fa2edea2c80dbac296e5dec2b18287113500b902942929d::celer_coin_manager::UsdcCoin, 0x8d87a65ba30e09357fa2edea2c80dbac296e5dec2b18287113500b902942929d::celer_coin_manager::UsdtCoin>",500109881749,499894853569
"0xc7efb4076dbe143cbcd98cfaaa929ecfc8f299203dfff63b95ccb6bfe19850fa::swap::TokenPairReserve<0x8d87a65ba30e09357fa2edea2c80dbac296e5dec2b18287113500b902942929d::celer_coin_manager::UsdcCoin, 0x8d87a65ba30e09357fa2edea2c80dbac296e5dec2b18287113500b902942929d::celer_coin_manager::WethCoin>",535930352702,35017860813
"0xc7efb4076dbe143cbcd98cfaaa929ecfc8f299203dfff63b95ccb6bfe19850fa::swap::TokenPairReserve<0xd11107bdf0d6d7040c6c0bfbdecb6545191fdf13e8d8d259952f53e1713f61b5::staked_coin::StakedAptos, 0xf22bede237a07e121b56d91a491eb7bcdfd1f5907926a9e58338f964a01b17fa::asset::USDC>",154987311717,9692966383
"0xc7efb4076dbe143cbcd98cfaaa929ecfc8f299203dfff63b95ccb6bfe19850fa::swap::TokenPairReserve<0xdc363e24e0d465bbfa4906b72526362cc2025f19091b9610544bbe7b08ab0021::arc_coin::ARC_Coin, 0xf22bede237a07e121b56d91a491eb7bcdfd1f5907926a9e58338f964a01b17fa::asset::USDC>",167398,28
"0xc7efb4076dbe143cbcd98cfaaa929ecfc8f299203dfff63b95ccb6bfe19850fa::swap::TokenPairReserve<0xf22bede237a07e121b56d91a491eb7bcdfd1f5907926a9e58338f964a01b17fa::asset::USDC, 0xf22bede237a07e121b56d91a491eb7bcdfd1f5907926a9e58338f964a01b17fa::asset::USDT>",505583987781,508374576960
"0xc7efb4076dbe143cbcd98cfaaa929ecfc8f299203dfff63b95ccb6bfe19850fa::swap::TokenPairReserve<0xf22bede237a07e121b56d91a491eb7bcdfd1f5907926a9e58338f964a01b17fa::asset::USDC, 0xf22bede237a07e121b56d91a491eb7bcdfd1f5907926a9e58338f964a01b17fa::asset::WETH>",1446735543525,978753901
